{"MSAA":16,"background-color":[0,0,0,1],"cube":{"left-color":[0.5279316306114197,0.5279316306114197,0.5279316306114197,1],"right-color":[0.20111390948295593,0.20111390948295593,0.20111390948295593,1],"top-color":[0.7877165079116821,0.7877165079116821,0.7877165079116821,1]},"edges":{"color":[0.9921568632125854,0.10197604447603226,0.10197604447603226,1],"width":1.25},"fps":120,"hexagon-size":64.24000000000001,"mouse-barrier":{"fade-area":132.18,"radius":189.66,"reverse":false},"vsync":true,"wave":{"color":[1,0,0,1],"interval":6.2,"speed":420,"width":370}}