{"MSAA":16,"background-colors":[[0.211764,0.2,0.329411,0.8],[0.090196,0.090196,0.12549,0.8],[0,0,0,0.8]],"edges":{"color":[0.79,0.7,0.99,1],"draw":true,"max-distance":1000,"max-width":2.2600000000000002,"min-distance":1000,"min-width":2.2600000000000002},"fps":10,"interaction":{"distance-from-mouse":170,"mouse-interaction":false},"mouse-barrier":{"blur":31.880000000000003,"color":[0.79,0.7,0.99,0.5],"draw":false,"radius":170},"offset-bounds":409.09000000000003,"stars":{"color":[0.79,0.7,0.99,1],"count":106,"draw":false,"max-speed":30,"min-speed":0,"radius":8,"segments":10},"vsync":true}