{"MSAA":16,"background-colors":[[0,0,0,1],[0.3175555169582367,0.3190051019191742,0.3193255364894867,1]],"fps":100,"lines":{"color":[0.8072633147239685,0.8072633147239685,0.8072633147239685,1],"max-width":4.92,"min-width":0},"max-line-distance":485.97,"offset-bounds":395.15000000000003,"stars":{"color":[1,1,1,1],"count":125,"max-speed":31.61,"min-speed":0,"radius":6.42,"segments":12},"vsync":true}