{"MSAA":4,"background-colors":[[0,0,0,1],[0.02,0,0.1,1],[0,0,0,1]],"fireflies":{"colors":[[1,0.800000011920929,0.6000000238418579,1],[1,0.800000011920929,0,1],[1,0.250980406999588,0.14901961386203766,1],[1,0,0,1],[1,1,0,1],[1,0,0.4000000059604645,1]],"count":1000,"decrease-brightness-speed":0.25,"increase-brightness-speed":3.06,"max-alpha":1,"max-radius":21.29,"max-speed":20,"min-alpha":0.25,"min-speed":0,"segments":30},"fps":120,"min-distance":15,"mouse-gravity":100000,"mouse-radius":300,"vsync":false}